loss,mape,val_loss,val_mape
0.03855155408382416,329687.625,0.011436950415372849,104.35017395019531
0.011185714043676853,103902.4375,0.009983954019844532,79.24827575683594
0.010374044999480247,92326.6640625,0.009326961822807789,77.33209991455078
0.009999510832130909,83984.6171875,0.009489878080785275,73.45426940917969
0.009252708405256271,82312.078125,0.008626033551990986,72.2198715209961
0.008767572231590748,79952.21875,0.008153297007083893,70.7218246459961
0.008271177299320698,81494.7265625,0.0073373098857700825,68.03768920898438
0.00778196519240737,74057.84375,0.006883309688419104,62.730438232421875
0.007292632013559341,72928.7890625,0.006832565180957317,63.138099670410156
0.006783172022551298,69950.28125,0.006045753136277199,64.20598602294922
0.006306526251137257,68447.1484375,0.005876260343939066,66.44123840332031
0.00574044743552804,64658.04296875,0.005352066829800606,61.19229507446289
0.005341042298823595,68792.0390625,0.0047272611409425735,53.3242073059082
0.005050993990153074,57668.9375,0.00578059209510684,60.84860610961914
0.004650903400033712,53659.41015625,0.004709030035883188,50.10037612915039
0.004369689617305994,51390.50390625,0.004534916952252388,39.22224807739258
0.00437447614967823,53253.91796875,0.004284518770873547,37.66120910644531
0.004209419246762991,51538.64453125,0.004466896411031485,43.33622360229492
0.004086622502654791,51252.40625,0.004409771878272295,34.12372589111328
0.004053496289998293,44763.0546875,0.003949099685996771,31.8855037689209
0.004040749277919531,48405.234375,0.003833951661363244,37.97445297241211
0.003945257980376482,41915.98828125,0.004203736782073975,40.01748275756836
0.003982014488428831,41849.3671875,0.003999176435172558,37.9114875793457
0.003858776530250907,36168.42578125,0.0041212537325918674,39.153141021728516
0.003863976104184985,55813.9140625,0.0038539289962500334,36.01610565185547
0.003849541302770376,43134.6953125,0.004029825795441866,35.42307662963867
0.003763265674933791,40999.00390625,0.004240772221237421,43.83475875854492
0.0037732096388936043,47209.7109375,0.0036804229021072388,36.00818634033203
0.003706512041389942,37776.13671875,0.004159802105277777,43.06468963623047
0.0037098275497555733,44493.828125,0.0037510532420128584,38.655433654785156
0.003664816962555051,52676.65625,0.0039207725785672665,31.873523712158203
0.003665800439193845,32664.400390625,0.0038333279080688953,37.861328125
0.003681028028950095,39190.16015625,0.0037713563069701195,39.407833099365234
0.003581644268706441,40451.87890625,0.0035894925240427256,35.50676727294922
0.0035964082926511765,50320.48828125,0.003779849736019969,36.18454360961914
0.0035525751300156116,45420.734375,0.0035857215989381075,37.5754280090332
0.0035643507726490498,40658.87109375,0.0035184542648494244,31.924285888671875
0.0035017249174416065,36220.578125,0.003666916862130165,33.339351654052734
0.0035471825394779444,42045.95703125,0.0035310699604451656,34.4520263671875
0.003500047605484724,40286.88671875,0.003562135389074683,34.46906280517578
0.003458435647189617,38532.68359375,0.0034837673883885145,34.388031005859375
0.0034511475823819637,39072.7734375,0.003910357598215342,30.456768035888672
0.0034776306711137295,39571.19140625,0.003651138860732317,38.353519439697266
0.0034197636414319277,40649.0625,0.0034791056532412767,33.75796127319336
0.0034194933250546455,39122.84765625,0.0034148870036005974,30.984329223632812
0.0034030352253466845,37383.56640625,0.0034348939079791307,35.616859436035156
0.003377234563231468,44889.84375,0.003401116468012333,33.738487243652344
0.0033836846705526114,44267.3203125,0.003383041126653552,32.3574104309082
0.003368297591805458,46682.1015625,0.00338545860722661,33.61771774291992
0.0033295494504272938,39598.0625,0.003738003084436059,31.97917366027832
0.003356020897626877,40139.3828125,0.003371119499206543,33.349308013916016
0.003356411587446928,37186.41796875,0.0034118813928216696,29.953140258789062
0.003325473051518202,39120.7265625,0.0035096006467938423,33.819087982177734
0.0033047469332814217,38333.96484375,0.003454348770901561,35.772682189941406
0.0033090882934629917,42429.81640625,0.003468250622972846,34.60846710205078
0.0032736388966441154,35687.9921875,0.0033594476990401745,36.46455383300781
0.0033222734928131104,40059.17578125,0.003348635509610176,29.512226104736328
0.0032465150579810143,44162.34765625,0.0033431495539844036,36.61603546142578
0.003309960011392832,38552.92578125,0.003476959653198719,37.37586975097656
0.0032339871395379305,38534.5703125,0.003297389019280672,31.293033599853516
0.003287780564278364,30854.91796875,0.0033617729786783457,37.8385124206543
0.0032521821558475494,45061.0859375,0.0032692556269466877,31.28705596923828
0.003268826985731721,34833.5546875,0.0032946972642093897,34.65336990356445
0.0032424733508378267,39889.73828125,0.0033332756720483303,36.1974983215332
0.0032257523853331804,37128.08203125,0.0032987857703119516,29.967098236083984
0.0032262590248137712,40712.4296875,0.0033035785891115665,31.377389907836914
0.0032367808744311333,39559.71875,0.0032630376517772675,33.513938903808594
0.0032138328533619642,34914.79296875,0.0033395609352737665,30.912982940673828
0.0031927982345223427,38509.7890625,0.003239011624827981,30.867036819458008
0.0032374169677495956,37154.30859375,0.0032792200800031424,36.179969787597656
0.0031869097147136927,38362.421875,0.003218898084014654,30.421674728393555
0.0032018974889069796,33107.7890625,0.0032809795811772346,32.28314208984375
0.00320845446549356,40206.80078125,0.0033161474857479334,33.56377029418945
0.003168652765452862,33355.8828125,0.0032593344803899527,33.23183822631836
0.003155552549287677,36606.55078125,0.00319769443012774,28.959260940551758
0.0031744998414069414,39004.26171875,0.0032546992879360914,32.49217224121094
0.003165621543303132,33612.34765625,0.003415073500946164,35.13438034057617
0.0031782423611730337,38522.203125,0.0032718500588089228,32.89555740356445
0.0031391680240631104,42375.9453125,0.003184434026479721,30.926050186157227
0.0031335256062448025,39803.3828125,0.003399709239602089,33.402523040771484
0.003158435458317399,32182.548828125,0.0031869583763182163,32.031063079833984
0.003143860725685954,43642.296875,0.0031884892378002405,32.415489196777344
0.003156547900289297,35778.5390625,0.003193233860656619,32.03936767578125
0.0031087417155504227,38310.70703125,0.003200825769454241,33.28355026245117
0.0031228638254106045,42570.95703125,0.0032599857077002525,30.505390167236328
0.003087192540988326,37020.08984375,0.003175006015226245,30.82280731201172
0.0031080697663128376,34288.921875,0.0031758032273501158,29.6898250579834
0.0031512859277427197,36799.015625,0.0032531749457120895,31.775922775268555
0.0031072446145117283,37791.29296875,0.0031636005733162165,31.72561264038086
0.0031183315441012383,39709.82421875,0.0031585278920829296,31.511938095092773
0.003117997432127595,35100.109375,0.003161541884765029,28.316646575927734
0.0031007397919893265,33445.0546875,0.003142009023576975,30.259639739990234
0.0031092038843780756,36622.77734375,0.0031477846205234528,29.494449615478516
0.0030822488479316235,40752.3203125,0.003165419679135084,33.32014846801758
0.003102437825873494,40224.83203125,0.0031699815299361944,28.068710327148438
0.003068348625674844,34518.94140625,0.0032346691004931927,29.2855281829834
0.003074710490182042,38867.8671875,0.0032047887798398733,31.9013671875
0.0030775051563978195,37949.0,0.0031668355222791433,28.448482513427734
0.0030759803485125303,46395.2265625,0.0031419359147548676,32.0704345703125
0.003093332052230835,35476.5859375,0.0031571846920996904,30.9992618560791
0.003080151742324233,40143.1328125,0.003114759223535657,29.69915771484375
0.003051463747397065,37764.43359375,0.0031878328882157803,28.311017990112305
0.003056416753679514,33462.73046875,0.0031378907151520252,30.874061584472656
0.003069486701861024,41303.5078125,0.003128194250166416,31.614696502685547
0.0030688883271068335,38274.19140625,0.0031369393691420555,32.176334381103516
0.0030477975960820913,31474.4453125,0.003148603020235896,31.38907814025879
0.0030693188309669495,32739.58984375,0.0033481374848634005,36.251441955566406
0.003048152197152376,35081.42578125,0.0031625584233552217,33.13799285888672
0.0030574756674468517,34482.47265625,0.0031212368048727512,27.853708267211914
0.0030811165925115347,35255.30078125,0.003088785568252206,28.593875885009766
0.003060564398765564,33621.02734375,0.0031304622534662485,29.55562400817871
0.0030527871567755938,37454.0078125,0.0032047410495579243,33.996726989746094
0.003068491816520691,33797.9453125,0.0031097468454390764,31.878217697143555
0.003021394833922386,34403.3359375,0.0030973542015999556,30.776931762695312
0.0030189401004463434,33690.48046875,0.003093574196100235,28.08272933959961
0.003043334698304534,33010.50390625,0.003070218488574028,27.091354370117188
0.003009131643921137,33081.640625,0.003079970832914114,29.852331161499023
0.003054671920835972,34248.08203125,0.003220905316993594,30.94376564025879
0.0030220546759665012,32582.6171875,0.00323666725307703,34.17433547973633
0.003001166507601738,34915.0078125,0.0030829710885882378,29.629051208496094
0.0030121912714093924,37042.4609375,0.0031316494569182396,29.404098510742188
0.003005660604685545,37135.14453125,0.0031911858823150396,29.439523696899414
0.0030053460504859686,31497.384765625,0.0030852274503558874,30.609891891479492
0.0030067767947912216,27309.908203125,0.00312292599119246,27.192028045654297
0.003030025167390704,38571.71484375,0.003124719485640526,32.03053283691406
0.003031217958778143,30239.275390625,0.003167584538459778,36.43883514404297
0.0029913645703345537,35583.40234375,0.0031030410900712013,28.911832809448242
0.003024925012141466,31545.42578125,0.003054049564525485,29.850257873535156
0.003008959349244833,36703.84375,0.0030645111110061407,28.963102340698242
0.0030034526716917753,34801.11328125,0.0031357319094240665,27.024145126342773
0.0030057269614189863,31107.8125,0.003039816627278924,28.378427505493164
0.003015711670741439,34469.28125,0.0030434278305619955,28.930618286132812
0.003000630997121334,34285.3359375,0.0030288270208984613,26.938936233520508
0.0029881466180086136,29037.58984375,0.0031066222582012415,29.871374130249023
0.0030114436522126198,39841.7109375,0.0030423225834965706,29.241308212280273
0.0030105377081781626,35258.609375,0.003144139889627695,32.420711517333984
0.0029817523900419474,35511.9140625,0.0030576903373003006,30.11615753173828
0.002987620886415243,40425.40625,0.0030224372167140245,26.502952575683594
0.002978806383907795,32389.091796875,0.0030859217513352633,33.446285247802734
0.002974494593217969,31481.576171875,0.0030365425627678633,28.84519386291504
0.003000754863023758,32766.19140625,0.003031609347090125,29.233007431030273
0.0029707751236855984,29729.88671875,0.003013406414538622,25.299436569213867
0.003002743236720562,33919.87109375,0.0030143545009195805,28.182504653930664
0.0029760003089904785,35456.8203125,0.00310358963906765,25.680391311645508
0.002978739095851779,32800.796875,0.003014736110344529,28.306177139282227
0.0029480925295501947,32479.796875,0.0030348622240126133,26.8564395904541
0.002971889451146126,38503.6796875,0.0030528251081705093,28.154890060424805
0.002978068310767412,31438.447265625,0.0030336580239236355,26.421588897705078
0.002987384097650647,25012.724609375,0.003042894648388028,29.513988494873047
0.0029702214524149895,33137.01171875,0.0031426569912582636,32.01935577392578
0.002993322443217039,34865.60546875,0.003006724640727043,26.006908416748047
0.0029889210127294064,33527.171875,0.0030390762258321047,27.803131103515625
0.002961365506052971,30763.216796875,0.0030733891762793064,30.538612365722656
0.0029807379469275475,35092.375,0.0032320432364940643,30.66937255859375
0.002979406388476491,37493.984375,0.0030278435442596674,29.378137588500977
0.0029566753655672073,35682.6640625,0.002985752420499921,26.600679397583008
0.0029696838464587927,32304.818359375,0.002989371307194233,28.518774032592773
0.00296502816490829,32633.681640625,0.0030024691950529814,29.35185432434082
0.00294054695405066,27694.19140625,0.003025176702067256,28.649621963500977
0.0029553407803177834,29163.978515625,0.002994475420564413,27.469783782958984
0.0029432892333716154,30262.36328125,0.002975160488858819,26.143823623657227
0.0029572469647973776,28319.572265625,0.003073260420933366,29.729101181030273
0.0029327699448913336,31780.970703125,0.003101673210039735,32.053592681884766
0.002921225968748331,32911.7578125,0.0029713227413594723,26.230588912963867
0.0029524785932153463,27739.3984375,0.002966752741485834,26.458887100219727
0.002933189971372485,31333.30859375,0.0029674486722797155,24.87675666809082
0.002940505277365446,36528.48046875,0.0029628153424710035,25.47050666809082
0.0029240872245281935,32639.65234375,0.002964642597362399,27.700193405151367
0.002922085812315345,27378.494140625,0.0029983194544911385,26.909212112426758
0.0029205388855189085,34774.890625,0.0030334137845784426,27.747760772705078
0.0029403152875602245,33015.83984375,0.0031361596193164587,25.810651779174805
0.0029386242385953665,30696.146484375,0.0031044287607073784,27.266998291015625
0.0029448752757161856,27156.251953125,0.0029410417191684246,25.55134391784668
0.0029381278436630964,34866.9453125,0.002949382411316037,24.66010093688965
0.0029193894006311893,29627.826171875,0.0029497831128537655,26.803918838500977
0.0029406328685581684,32455.580078125,0.0029488091822713614,27.08951759338379
0.0029084505513310432,34592.9765625,0.002936976496130228,24.72218894958496
0.0029108342714607716,32263.298828125,0.003056471236050129,31.61686134338379
0.0029017303604632616,29709.98046875,0.002942626131698489,25.4890193939209
0.0029041271191090345,27932.10546875,0.002935380209237337,26.47359848022461
0.0029025040566921234,34839.04296875,0.002941605169326067,24.5103702545166
0.0029209021013230085,28985.515625,0.0029516492504626513,26.642051696777344
0.002912767231464386,26371.705078125,0.0030565927736461163,23.71198272705078
0.002895018318668008,29272.962890625,0.0029561801347881556,26.015933990478516
0.00292580365203321,32012.5390625,0.002933005802333355,25.58268928527832
0.002947421045973897,27778.873046875,0.0029581610579043627,28.451242446899414
0.002925348933786154,28687.458984375,0.0029624165035784245,25.890579223632812
0.0029105250723659992,31277.79296875,0.0029343338683247566,27.05611801147461
0.0029034113977104425,31566.400390625,0.0032001323997974396,34.14350128173828
0.0028917724266648293,33944.29296875,0.0030018952675163746,24.667451858520508
0.0029073189944028854,35118.76953125,0.0031321959104388952,27.259700775146484
0.0028941163327544928,27428.15625,0.0029683983884751797,24.743322372436523
0.002910640323534608,29786.26171875,0.002999297110363841,24.750839233398438
0.002913461998105049,27784.017578125,0.0029405560344457626,25.29196548461914
0.002887055277824402,28684.98828125,0.0029587578028440475,26.3347225189209
0.0028948578983545303,28902.111328125,0.002931369235739112,23.721506118774414
0.0029321974143385887,28818.599609375,0.0029881882946938276,23.824951171875
0.002884264336898923,30716.123046875,0.002985074184834957,24.9455509185791
0.002875457750633359,33265.9375,0.002939793514087796,23.126113891601562
0.002894934732466936,29886.55078125,0.0029095346108078957,25.176916122436523
0.0028714744839817286,27490.64453125,0.0029215728864073753,26.147911071777344
0.0028671652544289827,32739.83984375,0.002921317471191287,26.59383201599121
0.0028686777222901583,28780.982421875,0.002976844320073724,23.533594131469727
0.002918543526902795,28184.56640625,0.0030445230659097433,28.041748046875
0.0028734144289046526,26796.490234375,0.002896586200222373,25.195865631103516
0.002894420875236392,28470.09375,0.0029004388488829136,25.187442779541016
0.0028800847940146923,27402.5,0.0029309301171451807,28.450891494750977
0.002881173277273774,34188.58203125,0.0029352454002946615,24.28490447998047
0.0028565640095621347,30037.28125,0.0029180427081882954,27.509117126464844
0.002873421413823962,36440.69921875,0.0029312423430383205,24.140348434448242
0.0028733815997838974,30711.875,0.0029031229205429554,26.31649398803711
0.0028775292448699474,30755.951171875,0.002908580005168915,27.65046501159668
0.002855823142454028,30785.46875,0.002960562938824296,26.80302619934082
0.0028653345070779324,35263.59375,0.0028884487692266703,23.580631256103516
0.002886250615119934,32775.91015625,0.0028965878300368786,22.18218231201172
0.002863609232008457,30210.9296875,0.0029121062252670527,23.47447395324707
0.0028816922567784786,32657.802734375,0.0029983443673700094,26.372163772583008
0.0028564988169819117,28300.673828125,0.0032449187710881233,28.264400482177734
0.00287111708894372,27045.529296875,0.0029061632230877876,23.9307861328125
0.0028627554420381784,30344.037109375,0.002988709369674325,23.67727279663086
0.0028758246917277575,29812.400390625,0.0029484860133379698,24.592369079589844
0.002827133284881711,29054.68359375,0.002931137103587389,26.207300186157227
0.0028595246840268373,26368.68359375,0.002960929414257407,24.11162757873535
0.0028669738676398993,30733.142578125,0.002961317775771022,27.578989028930664
0.0028409413062036037,26253.453125,0.0029364668298512697,25.189701080322266
0.0028381519950926304,27493.330078125,0.0028945317026227713,24.019792556762695
0.0028562978841364384,32827.53125,0.00288273673504591,22.254671096801758
0.002856319071725011,31024.134765625,0.00288209761492908,25.145336151123047
0.0028533649165183306,34165.234375,0.00305736530572176,20.769134521484375
0.002841453766450286,26929.798828125,0.002886591013520956,25.1203556060791
0.0028208408039063215,30073.033203125,0.0029369730036705732,23.65483856201172
0.00283008418045938,25625.73046875,0.002898190403357148,24.451738357543945
0.002855665283277631,31537.49609375,0.0029016491025686264,25.770681381225586
0.002844664268195629,31148.8515625,0.0028900413308292627,24.217130661010742
0.002867161063477397,26456.21875,0.0030090331565588713,27.181726455688477
0.0028549188282340765,30533.255859375,0.002869109623134136,24.651042938232422
0.0028434761334210634,29657.892578125,0.0028699536342173815,23.886327743530273
0.002819456858560443,27372.767578125,0.0029205726459622383,24.726491928100586
0.0028402251191437244,29447.318359375,0.002889174735173583,22.432981491088867
0.0028292310889810324,24157.65234375,0.002982059959322214,25.643186569213867
0.0028228601440787315,24837.396484375,0.002978231757879257,27.879749298095703
0.002840004162862897,32554.783203125,0.0028835174161940813,26.20807647705078
0.00282384199090302,29494.349609375,0.00289708049967885,26.628173828125
0.002853924874216318,31493.498046875,0.002920938888564706,22.43421173095703
0.0028417352586984634,23896.76171875,0.0028729818295687437,24.67215919494629
0.0027992359828203917,28466.74609375,0.0028802717570215464,21.856904983520508
0.0028216831851750612,26010.943359375,0.0028777453117072582,26.935651779174805
0.0028453811537474394,23752.369140625,0.0029354363214224577,23.647024154663086
0.002815356943756342,32955.29296875,0.0029954451601952314,26.922380447387695
0.002823939546942711,24794.53125,0.0028598268982023,23.65209197998047
0.0027990820817649364,25590.607421875,0.002869658637791872,24.112890243530273
0.0028290082700550556,26990.37890625,0.0028707983437925577,22.368911743164062
0.00283467466942966,27227.529296875,0.0028763406444340944,22.674501419067383
0.0028433632105588913,27897.619140625,0.002864465117454529,23.655065536499023
0.00283911288715899,23026.439453125,0.0029799784533679485,22.686681747436523
0.0028230762109160423,32683.5546875,0.002866956405341625,25.143878936767578
0.0028172980528324842,28474.806640625,0.0028506361413747072,24.284130096435547
0.002793851774185896,27687.59375,0.0031847732607275248,26.591075897216797
0.002823552582412958,28440.54296875,0.002862909808754921,23.34160614013672
0.002813899191096425,25337.388671875,0.0028718553949147463,22.68276023864746
0.002833831822499633,26118.365234375,0.0028608173597604036,23.273176193237305
0.002806868636980653,26260.9375,0.0028673068154603243,25.00952911376953
0.002808975288644433,26621.037109375,0.002924444852396846,25.320377349853516
0.0028347985353320837,27706.81640625,0.002915565622970462,26.55280876159668
0.00282189529389143,30894.791015625,0.0028464975766837597,23.672266006469727
0.0027854670770466328,25136.6328125,0.002875453792512417,23.37569236755371
0.0027923109009861946,29411.607421875,0.0028853437397629023,22.43260955810547
0.0028257151134312153,27027.5,0.0028471979312598705,23.773021697998047
0.0027975079137831926,29666.224609375,0.0030766252893954515,26.246381759643555
0.002809723373502493,29721.203125,0.0029070107266306877,28.235279083251953
0.0028153196908533573,29252.8984375,0.002866151509806514,23.874879837036133
0.002812426770105958,25138.806640625,0.0028474759310483932,24.587202072143555
0.002827862510457635,29278.09765625,0.00285331136547029,22.095094680786133
0.0028114160522818565,23453.708984375,0.002842305228114128,23.694488525390625
0.002803631592541933,23054.30078125,0.00285138632170856,22.912817001342773
0.002812524326145649,24959.58203125,0.002863775473088026,21.375667572021484
0.002783710602670908,25095.61328125,0.0028776114340871572,25.53301239013672
0.002815631916746497,30567.322265625,0.0029096321668475866,24.156057357788086
0.002827558433637023,27581.21484375,0.0028607803396880627,23.669343948364258
0.0028069382533431053,23142.556640625,0.002857149811461568,22.383846282958984
0.0028020343743264675,25383.21875,0.002937088254839182,24.096439361572266
0.0028040551114827394,25399.79296875,0.0029599210247397423,21.572994232177734
0.002795934211462736,27550.4609375,0.00283804745413363,24.106447219848633
0.0028041540645062923,26828.947265625,0.002847544848918915,21.282217025756836
0.0027922859881073236,29720.830078125,0.00288027455098927,23.0191593170166
0.0027858144603669643,25282.009765625,0.0028339431155472994,23.352449417114258
0.0028145448304712772,27026.560546875,0.0029217132832854986,24.5447998046875
0.002795714884996414,28673.16015625,0.0028358057606965303,23.920072555541992
0.002794483909383416,23920.142578125,0.002837568521499634,22.88573455810547
0.002790560480207205,26743.505859375,0.002837622305378318,21.996992111206055
0.002801369410008192,28454.337890625,0.0029155099764466286,26.4847412109375
0.002761476207524538,27341.998046875,0.0029091855976730585,23.272356033325195
0.00279348436743021,27366.873046875,0.002857914427295327,22.544588088989258
0.0028080963529646397,25010.51171875,0.0028388521168380976,22.084794998168945
0.002768564270809293,29039.81640625,0.0031131196301430464,24.52841567993164
0.0027738213539123535,26176.921875,0.002824850147590041,22.617666244506836
0.0027783410623669624,26081.0390625,0.0028297756798565388,21.871898651123047
0.002798257162794471,30210.158203125,0.0029366696253418922,26.947622299194336
0.002789256162941456,26791.591796875,0.002845444018021226,26.296253204345703
0.0027916014660149813,27906.75390625,0.0029107732698321342,21.529052734375
0.002809830941259861,26098.044921875,0.0028444083873182535,23.05183219909668
0.002768072299659252,24034.7578125,0.0028540517669171095,23.35912322998047
0.002791457809507847,25565.736328125,0.002825303003191948,22.733348846435547
0.0027795766945928335,24075.833984375,0.002831567544490099,21.592430114746094
0.00279791047796607,25918.447265625,0.002857484621927142,21.428518295288086
0.0027914666570723057,23909.166015625,0.0028345452155917883,23.011625289916992
0.0027957072015851736,27427.095703125,0.0028249442111700773,21.861377716064453
0.002790652448311448,28946.8359375,0.0028651042375713587,25.951805114746094
0.0027992362156510353,22270.728515625,0.0028352979570627213,22.748870849609375
0.0027946128975600004,27045.078125,0.0028683519922196865,23.07933807373047
0.0027805017307400703,24406.607421875,0.00283548585139215,21.939247131347656
0.0027619763277471066,24812.3828125,0.0028155685868114233,22.260940551757812
0.0027716094627976418,24451.638671875,0.002846980234608054,21.82969093322754
0.0027903567533940077,23424.796875,0.0028547823894768953,22.083375930786133
0.0027934673707932234,26736.349609375,0.002840254455804825,21.680204391479492
0.002751820720732212,26942.71875,0.0028932872228324413,22.97130012512207
0.0027941507287323475,27607.232421875,0.0028161760419607162,22.556562423706055
0.002758566290140152,25803.8203125,0.0028150654397904873,21.93355369567871
0.002767742844298482,23236.01953125,0.002839669119566679,22.964412689208984
0.00278289383277297,22831.08203125,0.0028260580729693174,22.916793823242188
0.0027772714383900166,28302.4609375,0.0029021468944847584,21.306982040405273
0.0028016618452966213,28182.611328125,0.002854614518582821,22.45098876953125
0.002776430221274495,24087.30859375,0.0028314287774264812,23.48070526123047
0.0028009202796965837,24585.548828125,0.00281565566547215,23.5000057220459
0.0027675232850015163,26688.11328125,0.0029065669514238834,21.052350997924805
0.0027668362017720938,30250.75390625,0.0028673510532826185,21.354854583740234
0.0027702851220965385,22010.640625,0.0029081162065267563,24.907108306884766
0.0027832509949803352,20469.595703125,0.0028228466399013996,24.667173385620117
0.0027596254367381334,23676.76953125,0.0028420512098819017,24.67690086364746
0.0027988830115646124,28479.462890625,0.0028516212478280067,25.769306182861328
0.0027572205290198326,24366.421875,0.0028577642515301704,25.360973358154297
0.002770888851955533,25740.2421875,0.0028576492331922054,23.432451248168945
0.0027816283982247114,21380.2421875,0.0028769823256880045,23.385408401489258
0.0027415105141699314,26192.60546875,0.0028132686857134104,22.66762924194336
0.002757966285571456,20242.27734375,0.002804178511723876,22.06446647644043
0.0027903278823941946,27429.8046875,0.002941395388916135,24.24707794189453
0.0027483580633997917,24624.541015625,0.002819791901856661,24.054697036743164
0.0027576573193073273,28014.8515625,0.0029217672999948263,25.186004638671875
0.0027980641461908817,28407.63671875,0.0028865744825452566,23.218338012695312
0.0027376259677112103,24778.79296875,0.00282361451536417,21.220796585083008
0.002756888512521982,22196.826171875,0.002852608449757099,23.50966453552246
0.0027956278063356876,26737.15625,0.0028266580775380135,24.30045509338379
0.002780799986794591,24923.96875,0.0028369599021971226,22.261924743652344
0.0027831224724650383,29908.06640625,0.0028161972295492887,24.822481155395508
0.0027610594406723976,23050.904296875,0.0028795970138162374,23.66812515258789
0.002767837606370449,21714.953125,0.002798562403768301,22.062244415283203
0.002778285648673773,22928.09375,0.0027973756659775972,23.593116760253906
0.002781988587230444,28609.60546875,0.002836827654391527,22.17536735534668
0.0028003801126033068,26188.951171875,0.0028735087253153324,22.640674591064453
0.0027533001266419888,30923.376953125,0.0028388442005962133,22.957489013671875
0.00277081155218184,32211.76171875,0.0028373892419040203,21.397003173828125
0.002759904135018587,27560.9609375,0.0027981658931821585,21.803823471069336
0.00276035419665277,27705.921875,0.0028222615364938974,22.655641555786133
0.0027599430177360773,28838.26953125,0.002818597946316004,25.462757110595703
0.0027540638111531734,27738.474609375,0.002845337614417076,24.90244483947754
0.00277157430537045,23324.861328125,0.0028682295233011246,23.25019645690918
0.0027691039722412825,24610.21875,0.0027908587362617254,22.67061996459961
0.0027365824207663536,31893.65625,0.002811270300298929,23.54821014404297
0.0027520281728357077,22561.560546875,0.0029034256003797054,24.165414810180664
0.0027480297721922398,24875.537109375,0.0027974240947514772,23.413179397583008
0.0027513625100255013,25560.560546875,0.0028195809572935104,21.138988494873047
0.0027514221146702766,25546.76953125,0.002811969490721822,20.529254913330078
0.0027626180090010166,24307.732421875,0.0028050255496054888,22.22172737121582
0.0027258913032710552,22257.32421875,0.0028123920783400536,22.67316246032715
0.0027584785129874945,23403.36328125,0.0028284613508731127,22.897390365600586
0.002755196066573262,23791.1328125,0.0028132344596087933,23.467700958251953
0.002752647502347827,28022.88671875,0.0028062097262591124,21.524566650390625
0.0027578009758144617,23807.095703125,0.002833686303347349,21.94634246826172
0.00274144159629941,23874.580078125,0.002788253128528595,20.871004104614258
0.0027416760567575693,29420.990234375,0.002801069524139166,20.7645320892334
0.0027527392376214266,32795.421875,0.002787190955132246,22.55337142944336
0.0027310301084071398,26324.1328125,0.0027919490821659565,21.979324340820312
0.002736708614975214,22267.765625,0.0027933267410844564,22.003128051757812
0.0027606929652392864,23574.408203125,0.002817921806126833,22.716012954711914
0.0027304913382977247,29013.79296875,0.002876193495467305,24.10001564025879
0.002737495582550764,24101.970703125,0.00281144049949944,21.87026023864746
0.0027278473135083914,24137.16015625,0.002840945031493902,22.82943344116211
0.0027494237292557955,27889.552734375,0.002810414880514145,22.837427139282227
0.002753445180132985,23326.802734375,0.002837109612300992,21.398786544799805
0.0027583593036979437,25059.94140625,0.0027874803636223078,20.62030792236328
0.0027045069728046656,25867.900390625,0.0027907623443752527,22.043048858642578
0.0027222337666898966,22016.8203125,0.002881538588553667,25.935958862304688
0.0027715766336768866,23153.041015625,0.002786492696031928,22.95720863342285
0.002761918818578124,25482.9453125,0.002913661766797304,21.3779354095459
0.0027388662565499544,25647.67578125,0.002843597438186407,20.531963348388672
0.0027433547656983137,21474.060546875,0.0028358891140669584,21.920591354370117
0.0027350555174052715,25695.455078125,0.0027908494230359793,23.669198989868164
0.0027318517677485943,25459.2109375,0.0027796030044555664,21.909704208374023
0.002746874699369073,29372.107421875,0.0028137878980487585,23.285432815551758
0.0027499934658408165,23888.693359375,0.0028513213619589806,22.161884307861328
0.0027529816143214703,26747.013671875,0.0028629149310290813,22.89896011352539
0.002729685977101326,25483.263671875,0.0027848000172525644,21.929744720458984
0.0027604582719504833,25509.107421875,0.002802986651659012,21.772645950317383
0.0027322894893586636,29100.587890625,0.002777018351480365,22.550931930541992
0.002724654972553253,24201.330078125,0.00285601825453341,21.880802154541016
0.0027378529775887728,25913.025390625,0.0028460475150495768,21.740812301635742
0.0027452188078314066,21894.150390625,0.002856581239029765,25.71169090270996
0.0027363388799130917,24766.458984375,0.0028401485178619623,22.880661010742188
0.002728085033595562,28773.041015625,0.0027834391221404076,21.239391326904297
0.0027191471308469772,22797.943359375,0.002791312988847494,21.753463745117188
0.0027578361332416534,22209.509765625,0.0028143248055130243,25.575742721557617
0.0027476262766867876,23617.306640625,0.0028477057348936796,23.894506454467773
0.0027393384370952845,31639.583984375,0.0027933090459555387,22.8523006439209
0.0027446404565125704,27194.912109375,0.0027825452852994204,21.0628662109375
0.002736268565058708,27203.60546875,0.002926570363342762,21.665809631347656
0.002724100137129426,25360.298828125,0.0027759093791246414,21.51375961303711
0.002769340295344591,27863.544921875,0.0027966389898210764,24.247299194335938
0.0027261823415756226,25521.80859375,0.002787637524306774,22.81930160522461
0.002742384560406208,27822.126953125,0.002928022528067231,23.047086715698242
0.0027335004415363073,23910.751953125,0.002768005011603236,22.449234008789062
0.0027326024137437344,25623.939453125,0.0027850496117025614,20.684337615966797
0.0027125903870910406,22414.640625,0.0028454833664000034,22.06867790222168
0.00275276112370193,23013.267578125,0.002792184706777334,23.56720542907715
0.002748398343101144,25688.9765625,0.002774250227957964,21.264368057250977
0.002717616967856884,26713.19140625,0.0027846696320921183,22.74089241027832
0.0027215194422751665,23989.646484375,0.0029686137568205595,21.13220977783203
0.0027323714457452297,25494.568359375,0.0028797772247344255,24.830350875854492
0.0027506519109010696,22266.6875,0.0027808581944555044,21.733905792236328
0.002738920971751213,22577.009765625,0.0027960781008005142,23.465988159179688
0.002721678465604782,27508.826171875,0.002768737729638815,21.7191219329834
0.0027098096907138824,26446.564453125,0.0027879271656274796,24.095808029174805
0.0027346345596015453,25019.16796875,0.0027671295683830976,20.706262588500977
0.0027250773273408413,28170.125,0.0027764455880969763,21.788314819335938
0.0027194141875952482,26421.9921875,0.00280139222741127,23.015884399414062
0.002739864867180586,25144.60546875,0.002792463870719075,22.13767433166504
0.0027400886174291372,26174.068359375,0.002885771682485938,21.86508560180664
0.0027337318751960993,25907.2109375,0.0027766318526118994,22.581581115722656
0.0027471273206174374,24271.04296875,0.002785032382234931,22.592798233032227
0.002713611349463463,25643.884765625,0.002790929516777396,22.39897918701172
0.0027299318462610245,23158.123046875,0.002792480168864131,23.36551856994629
0.0027357768267393112,26682.361328125,0.00277309725061059,22.76968002319336
0.00271089025773108,24074.0703125,0.0027810472529381514,22.048561096191406
0.0027300373185425997,21313.5234375,0.002888521645218134,22.582223892211914
0.0027232009451836348,23618.71875,0.002779616741463542,22.082319259643555
0.0027123738545924425,20821.578125,0.002762840362265706,20.555713653564453
0.002741174539551139,24052.67578125,0.0027591679245233536,21.025785446166992
0.0027127149514853954,25673.65625,0.0027773184701800346,22.49628257751465
0.0027319618966430426,21901.07421875,0.002761469455435872,21.675668716430664
0.002733431989327073,23308.259765625,0.00288989651016891,25.55638885498047
0.0027091812808066607,24327.2578125,0.002885669469833374,25.628599166870117
0.002738682087510824,29696.201171875,0.002768973121419549,21.018205642700195
0.002710371743887663,26552.693359375,0.002810229081660509,23.67901039123535
0.0027082643937319517,21577.013671875,0.002766289981082082,21.770780563354492
0.002733151661232114,21128.50390625,0.002765597077086568,22.34052085876465
0.0027090173680335283,26794.54296875,0.0028604844119399786,22.79307746887207
0.00275251897983253,24558.205078125,0.002873638877645135,23.790307998657227
0.002733970060944557,27261.181640625,0.002764837583526969,22.52627944946289
0.0027185562066733837,23191.87890625,0.0027607022784650326,23.166746139526367
0.0027506526093930006,25734.3828125,0.0028465385548770428,21.159643173217773
0.002729188883677125,22566.376953125,0.002790815429762006,24.281696319580078
0.0027150101959705353,23636.4375,0.002782591851428151,23.871665954589844
0.002706943079829216,21417.009765625,0.0027742728125303984,21.801931381225586
0.0027103032916784286,23283.041015625,0.0028034807182848454,24.485132217407227
0.0027308620046824217,24509.015625,0.00282500428147614,23.323781967163086
0.0027229092083871365,20697.3046875,0.0027924010064452887,21.354097366333008
0.002720576710999012,21256.78125,0.0027604135684669018,23.681228637695312
0.0027054594829678535,23172.837890625,0.0028335885144770145,23.045246124267578
0.002716583199799061,29453.255859375,0.0028034611605107784,23.742630004882812
0.0027174369897693396,25057.275390625,0.002756154863163829,22.080411911010742
0.0026970605831593275,23723.421875,0.0029331587720662355,23.831951141357422
0.0026946947909891605,20585.12109375,0.002801380818709731,23.506019592285156
0.002738738199695945,19684.521484375,0.0027663155924528837,22.884584426879883
0.002735161455348134,23841.708984375,0.00275892554782331,21.71483612060547
0.002723978366702795,19928.830078125,0.002809699857607484,22.849332809448242
0.0027197771705687046,21063.740234375,0.002831930760294199,24.50421714782715
0.0027187063824385405,22800.203125,0.002770565450191498,23.611845016479492
0.002696150215342641,24683.00390625,0.002819096902385354,22.611774444580078
0.002709541004151106,27587.17578125,0.0027765289414674044,23.700462341308594
0.0027292019221931696,18618.75390625,0.0027640981134027243,20.55944061279297
0.00269906222820282,25451.599609375,0.0027734071481972933,21.198774337768555
0.0027313632890582085,24756.32421875,0.0027510933578014374,20.76624298095703
0.0027031495701521635,23928.7578125,0.0027793615590780973,22.890300750732422
0.0027054492384195328,26064.380859375,0.0027712886221706867,20.296340942382812
0.00272987294010818,21654.95703125,0.0028674222994595766,21.6127872467041
0.002714823465794325,25554.2109375,0.002773579442873597,22.561681747436523
0.002691674744710326,21703.37109375,0.0028223474510014057,22.927207946777344
0.0027064597234129906,25863.736328125,0.002789095975458622,22.33885383605957
0.0027434907387942076,28060.51171875,0.0027851173654198647,22.434499740600586
0.0027300550136715174,22575.388671875,0.0027695803437381983,21.56481170654297
0.002718615811318159,24546.484375,0.002760971197858453,22.253585815429688
0.0026980966795235872,32474.3671875,0.002771693281829357,23.85252571105957
0.002734824549406767,25313.75,0.0027411743067204952,22.075780868530273
0.0027060802094638348,20548.328125,0.002779819769784808,22.358327865600586
0.00269855884835124,23154.392578125,0.0027553376276046038,21.92661476135254
0.00271957041695714,26388.45703125,0.002756269183009863,21.924772262573242
0.0027050620410591364,23820.208984375,0.0027553034014999866,21.655012130737305
0.002705636667087674,23872.75,0.002791870851069689,21.813228607177734
0.0027050222270190716,23564.548828125,0.0027528817299753428,22.58477210998535
0.0027127631474286318,21555.412109375,0.002833819016814232,21.18707275390625
0.0026892428286373615,28258.2890625,0.0027561746537685394,20.320632934570312
0.002713247435167432,30433.796875,0.0027841252740472555,23.10335922241211
0.0027054797392338514,25992.19921875,0.0027781552635133266,21.5390625
0.0027059915009886026,22855.208984375,0.0028397950809448957,21.33700942993164
0.002698255702853203,25758.12109375,0.0028303752187639475,24.80954933166504
0.0026881827507168055,23002.921875,0.0027662483043968678,22.852375030517578
0.0026953185442835093,22993.94140625,0.0027651130221784115,22.362548828125
0.0026947534643113613,27710.990234375,0.002841133624315262,24.026575088500977
0.0027144956402480602,22982.796875,0.0027783128898590803,22.94614028930664
0.0027265511453151703,22205.8125,0.0027538530994206667,22.354934692382812
0.0027022736612707376,20715.3515625,0.0028070160187780857,23.10240936279297
0.002719561103731394,24237.25,0.002736991737037897,21.450931549072266
0.002724282443523407,23905.505859375,0.0027539092116057873,21.495948791503906
0.00271907658316195,26924.80078125,0.00274423835799098,20.425933837890625
0.002696059877052903,27297.32421875,0.0028028052765876055,24.07868766784668
0.0027151850517839193,22521.63671875,0.002754013752564788,21.04832649230957
0.0026951883919537067,24226.126953125,0.0030002568382769823,23.074304580688477
0.0026951110921800137,25936.767578125,0.002748270984739065,21.320581436157227
0.0026958417147397995,25080.779296875,0.0027564160991460085,21.733701705932617
0.0027090732473880053,25444.1484375,0.0030303657986223698,25.017181396484375
0.0027041565626859665,26278.849609375,0.002754330402240157,24.323843002319336
0.002711296547204256,19615.5625,0.0027630035765469074,21.192279815673828
0.002690458670258522,23317.810546875,0.002752813743427396,24.530179977416992
0.002705194288864732,25755.455078125,0.0028084164950996637,19.840707778930664
0.002690651686862111,22963.134765625,0.0027697570621967316,22.504554748535156
0.0026994000654667616,26597.4609375,0.0027422835119068623,20.663171768188477
0.002723467303439975,20864.49609375,0.0027600310277193785,21.49260902404785
0.002689828397706151,19500.990234375,0.00275764730758965,21.7530574798584
0.0026907799765467644,23403.703125,0.002730230800807476,21.274911880493164
0.0026983977295458317,19856.783203125,0.002729350933805108,22.855148315429688
0.0027119305450469255,22825.20703125,0.0028708563186228275,24.07691192626953
0.002682330319657922,23456.365234375,0.002752199536189437,21.780162811279297
0.002697858028113842,21336.634765625,0.0027989777736365795,25.421749114990234
0.002699917647987604,22264.6015625,0.002776488196104765,22.733549118041992
0.002677608747035265,22401.076171875,0.0027439070399850607,20.532987594604492
0.0026942873373627663,23558.033203125,0.0027374427299946547,21.80487823486328
0.0027060655411332846,25273.654296875,0.0027421016711741686,20.55134391784668
0.002681048819795251,21315.533203125,0.002731295069679618,20.71492576599121
0.0027112842071801424,23602.232421875,0.002947899280115962,23.617015838623047
0.0027075656689703465,22352.052734375,0.002781947609037161,20.30523681640625
0.0027106062043458223,24956.232421875,0.0027808186132460833,21.855541229248047
0.00269847153685987,21413.197265625,0.002740841591730714,21.382797241210938
0.0026854556053876877,23527.259765625,0.0027237299364060163,21.186004638671875
0.0026902477256953716,25795.36328125,0.0027583022601902485,21.41946029663086
0.002673195209354162,23699.703125,0.0027720793150365353,21.858993530273438
0.0027153335977345705,27306.00390625,0.0027377333026379347,20.70787811279297
0.002696509240195155,24387.400390625,0.002731953514739871,20.270505905151367
0.002693289890885353,20693.546875,0.0028305945452302694,24.789825439453125
0.002677615499123931,28551.1328125,0.0027291534934192896,21.17717170715332
0.0026850488502532244,26662.50390625,0.0027964147739112377,20.70630645751953
0.002705505583435297,24180.599609375,0.0028061210177838802,20.207433700561523
0.0027049521449953318,24020.03515625,0.0027483373414725065,20.881999969482422
0.002678673481568694,19546.494140625,0.002891102572903037,26.109399795532227
0.0027070108335465193,20601.6796875,0.00278840702958405,20.78728485107422
0.002692204900085926,22835.55078125,0.002902823965996504,22.6796932220459
0.0026866127736866474,22631.3515625,0.0027510004583746195,22.881521224975586
0.0026657036505639553,26062.642578125,0.002763645490631461,22.44413185119629
0.0026828295085579157,22215.6953125,0.0027964801993221045,24.662933349609375
0.0026982820127159357,20562.859375,0.002827282762154937,21.183258056640625
0.0026970519684255123,23509.771484375,0.002946390537545085,24.48767852783203
0.0027038929983973503,26229.84765625,0.0027450639754533768,21.202713012695312
0.002691737376153469,23658.755859375,0.0027159820310771465,21.769073486328125
0.002683311700820923,24972.1796875,0.0028180168010294437,22.08976936340332
0.0026806355454027653,24741.26171875,0.002725461730733514,21.179420471191406
0.00270333350636065,21547.6484375,0.0027883322909474373,24.707096099853516
0.002671522321179509,19390.90234375,0.0027585572097450495,22.26075553894043
0.002676862059161067,25248.271484375,0.002743674209341407,20.480976104736328
0.0026855729520320892,20123.73828125,0.0028490794356912374,24.228721618652344
0.002703977981582284,21732.935546875,0.0028537570033222437,25.36556053161621
0.0026873592287302017,26259.876953125,0.0027640212792903185,22.099178314208984
0.0026866209227591753,25625.98828125,0.0027171496767550707,21.227603912353516
0.0026768865063786507,22638.830078125,0.0027266554534435272,21.35266876220703
0.0027123293839395046,27318.953125,0.0027414027135819197,20.916248321533203
0.002678136806935072,27497.02734375,0.0027583695482462645,22.18289566040039
0.0026868758723139763,25765.123046875,0.002803006675094366,23.166322708129883
0.0026856635231524706,27693.64453125,0.002762463642284274,20.553279876708984
0.002682963153347373,27762.513671875,0.0027757782954722643,21.81262969970703
0.0026770103722810745,23810.841796875,0.002739307004958391,20.0340576171875
0.0027045244351029396,21988.7734375,0.0027477166149765253,20.431194305419922
0.0026768692769110203,25189.888671875,0.0027139217127114534,21.438993453979492
0.002683715894818306,26138.74609375,0.0027199555188417435,20.75675392150879
0.0026926493737846613,28698.884765625,0.0027743743266910315,23.035879135131836
0.002671021269634366,21557.380859375,0.0027464383747428656,21.029083251953125
0.0026850637514144182,22780.251953125,0.002889250172302127,22.091320037841797
0.002686413237825036,27979.263671875,0.0027341984678059816,22.05774688720703
0.0026757086161524057,28894.669921875,0.002836293540894985,21.73269271850586
0.002672296715900302,24774.345703125,0.0027249802369624376,20.141977310180664
0.002695381874218583,24114.572265625,0.0027324433904141188,21.64427947998047
0.0026849950663745403,20292.568359375,0.002734327921643853,21.7811279296875
0.0026597820688039064,22263.0078125,0.0027743016835302114,25.01116943359375
0.002682451857253909,23239.16015625,0.002735269023105502,21.44074821472168
0.002656601369380951,22043.1484375,0.0027403198182582855,22.410320281982422
0.002661897335201502,20603.28515625,0.002785096410661936,22.96817970275879
0.002679279074072838,20981.52734375,0.0027430220507085323,21.386852264404297
0.0026765819638967514,22159.025390625,0.002719747368246317,21.21864891052246
0.002694166963919997,21482.705078125,0.0027336664497852325,21.487577438354492
0.002697047544643283,21865.908203125,0.0027354364283382893,21.970163345336914
0.0026643185410648584,24736.21484375,0.00281146471388638,20.724472045898438
0.002717328257858753,27281.94140625,0.0028039664030075073,22.094581604003906
0.0026738070882856846,21682.521484375,0.002750266110524535,20.16152000427246
0.002660188125446439,28477.42578125,0.0027356913778930902,20.78193473815918
0.002671830588951707,19440.765625,0.0027312631718814373,21.559036254882812
0.0026762080378830433,23051.58984375,0.002786017023026943,23.271907806396484
0.0026634358800947666,25414.21484375,0.0028462358750402927,20.847043991088867
0.002656412310898304,23436.685546875,0.0027849057223647833,23.868066787719727
0.002667221473529935,23067.41015625,0.0027064443565905094,21.558666229248047
0.002667170949280262,24635.775390625,0.0027209529653191566,20.15010643005371
0.0026686429046094418,22086.205078125,0.0027148304507136345,20.018644332885742
0.002675059251487255,28267.265625,0.00276202498935163,21.5186824798584
0.0026675714179873466,25389.61328125,0.0027200174517929554,20.708921432495117
0.002660841681063175,22909.4765625,0.002726486185565591,21.453691482543945
