identifier,model,mae,rmse,mape,mean_traffic,training_time,status
0970 - 10503,lstm,44.13525363843735,52.66402435693466,97.94148665844477,183.8082191780822,4.170217990875244,success
0970 - 16116,lstm,41.303304535068875,57.42602811957,218.90221869890894,97.875,3.7662928104400635,success
0970 - 249,lstm,36.70177591663517,44.75919974176491,89.42221856620301,188.39212328767124,4.118476867675781,success
0970 - 5887,lstm,48.4986520861903,60.969328969420445,214.97975372464046,117.38829787234043,4.804233074188232,success
2000 - 10505,lstm,41.221260389900934,50.51611130071042,74.66168202150595,193.31558935361215,4.522002458572388,success
2000 - 12521,lstm,45.60764442933809,61.659088403330536,73.41334429926398,160.51559633027523,4.342534303665161,success
2000 - 2276,lstm,44.632727043781806,57.37195030061263,68.6266543028837,149.97798165137615,4.238228797912598,success
2000 - 6246,lstm,30.908163455049348,40.31389494027962,106.19228273006576,138.45817490494298,4.206374883651733,success
2200 - 10074,lstm,27.394033023755846,37.54906330051327,236.02678939240005,73.3818493150685,4.824995994567871,success
2200 - 12428,lstm,29.503040408434934,39.413173765478895,140.66787572116388,88.83390410958904,4.566442012786865,success
2200 - 20314,lstm,27.155025227429114,33.68122625960352,158.53602683939047,74.0736301369863,4.623913764953613,success
2200 - 6819,lstm,23.471050843800583,29.059627727429426,114.05876208248309,91.07534246575342,4.309986114501953,success
2820 - 14985,lstm,16.681065660633454,20.72247464948874,92.29748243098294,76.7431506849315,4.098253965377808,success
2820 - 16542,lstm,46.26157243201073,57.50449553748708,97.77689751730374,152.48581560283688,4.061539888381958,success
2825 - 16628,lstm,40.70019915985735,51.894623848406624,104.32254669303047,142.16095890410958,4.1776323318481445,success
2827 - 10827,lstm,28.034843849809203,35.041253784412675,148.5090001227947,81.92294520547945,4.074312448501587,success
2827 - 12834,lstm,27.958607660580988,34.63844656069696,72.82807750184357,124.4931506849315,4.596436500549316,success
2827 - 2578,lstm,39.23218617047349,52.62257639674074,80.98738294364672,101.37328767123287,4.438151597976685,success
2827 - 588,lstm,36.71728008740569,44.939083313807956,86.91545457766655,168.38013698630138,4.146858215332031,success
2846 - -1,lstm,4.652257917270268,6.108542597853948,102.88343496405135,7.082191780821918,4.08094334602356,success
2846 - 16119,lstm,54.01771263227071,79.228502609391,226.90477636730836,118.1181506849315,4.167351007461548,success
2846 - 38,lstm,23.553255081176758,32.7128843903887,105.9546477522385,54.66609589041096,6.08596396446228,success
2846 - 5881,lstm,26.973864650073118,35.55210846531438,85.79076462415688,100.3013698630137,4.277561187744141,success
3001 - 15725,lstm,47.73899692378632,59.17543342010569,171.4971376826274,109.41609589041096,4.383516073226929,success
3001 - 16551,lstm,69.45073119908163,90.37858650836212,236.9210406936565,126.39897260273973,4.239083766937256,success
3001 - 6309,lstm,68.5869361276496,85.17330767151563,94.13174157796732,192.40239726027397,4.1463940143585205,success
3002 - 16538,lstm,32.10972110560683,39.711777781690024,124.15039204865572,117.2172131147541,4.015251398086548,success
3002 - 16550,lstm,38.38426595437722,52.89095166394178,117.82446576727294,112.30942622950819,4.135495185852051,success
3002 - 6299,lstm,27.908140471724213,37.32998069111746,116.69469762094596,116.59836065573771,4.370351076126099,success
3002 - 6310,lstm,36.795279201914056,45.34864536713236,84.32435832419637,101.8811475409836,4.246139287948608,success
3120 - 16154,lstm,36.92035051894514,49.280449185895826,158.69868851184933,103.09246575342466,4.743816375732422,success
3120 - 16620,lstm,21.743884243377266,26.405959025121334,51.699053197669485,114.20034246575342,4.690208435058594,success
3120 - 4175,lstm,18.49979003488201,23.91482400055941,15.011975720947559,121.25171232876713,4.713533401489258,success
3120 - 6379,lstm,26.58954095840454,32.776546208278205,67.91846363658735,138.82705479452054,4.58664083480835,success
3122 - 16153,lstm,47.48783623682309,68.61433188016551,155.3258880648522,143.61472602739727,4.487478494644165,success
3122 - 17054,lstm,33.993228833969326,42.802172260806465,183.26701082872086,97.78938356164383,4.475659608840942,success
3122 - 5895,lstm,28.079093782869105,34.111712278131925,115.67669373771203,113.62328767123287,4.345533132553101,success
3126 - 16149,lstm,45.742360467780124,65.87340895655757,167.52327700991398,142.55650684931507,5.061638593673706,success
3126 - 16485,lstm,24.642089082770152,30.266724946714,100.07720501338622,85.96061643835617,4.46499490737915,success
3126 - 5899,lstm,52.13767347597096,66.03399336978214,88.09922624604783,178.0154109589041,4.587755441665649,success
3127 - 16152,lstm,50.824232632996605,72.97678868041962,145.34057825337925,150.64959016393442,4.071290969848633,success
3127 - 5896,lstm,49.775604623263,61.6469336496528,139.05887703365013,132.03073770491804,3.919050455093384,success
3127 - 6813,lstm,27.87722387470183,35.01849472906431,262.9180161695923,60.20286885245902,3.8654606342315674,success
3180 - 16199,lstm,38.584693895627375,55.368117257510704,205.4322107001123,90.99143835616438,4.206348180770874,success
3180 - 17052,lstm,25.358804712556815,34.092127815316125,164.8228148417981,71.80650684931507,4.361867904663086,success
3180 - 5950,lstm,20.435384605028858,25.951147389467287,82.6522083734747,68.29280821917808,4.08840799331665,success
3662 - 15724,lstm,35.216242509345484,55.75659983101472,102.11034168253178,113.7277397260274,6.547065496444702,success
3662 - 5482,lstm,30.56606220219233,37.87852588674104,106.0835862007902,98.39212328767124,4.4032323360443115,success
3662 - 6295,lstm,29.22443675668272,38.830382539924294,124.7959977956351,76.0958904109589,4.252009868621826,success
3662 - 6297,lstm,32.56139923121831,43.10836767940158,101.72254726130977,152.25513698630138,4.235497951507568,success
3682 - 14513,lstm,37.41393184136907,51.586500831053165,287.07934484647217,74.4788990825688,4.149102449417114,success
3682 - 16484,lstm,29.962539942330178,36.79191295901125,94.1663285165133,135.62935779816513,4.026104211807251,success
3682 - 4281,lstm,37.89117048071065,47.912399319196446,134.76614565905066,95.63669724770642,4.057347297668457,success
3682 - 6245,lstm,22.130932592689444,27.82966123072309,115.99046391145893,101.20183486238533,5.226712465286255,success
3685 - 10504,lstm,76.52339944584236,88.03250216401497,86.1341964587563,263.28953771289537,4.191662549972534,success
3685 - 14574,lstm,28.171350452071387,39.14725165850558,210.62156621813398,68.57978723404256,4.764508962631226,success
3685 - 248,lstm,33.13767391361603,40.37615117515397,53.022501547138624,185.7705479452055,4.415402412414551,success
3804 - 14516,lstm,38.46603240052315,56.28071249715478,216.4475972755976,94.15068493150685,4.343152284622192,success
3804 - 17055,lstm,34.343979348875074,43.51008962566399,212.62339991532056,97.98116438356165,4.34182071685791,success
3804 - 4278,lstm,35.71418442791455,43.616032893899735,118.41211806709745,102.46232876712328,4.402829170227051,success
3804 - 6816,lstm,28.701051702238107,40.29185885343381,246.40268454056286,87.73630136986301,4.332021236419678,success
3812 - 14500,lstm,56.934316386915235,75.56273686721093,210.20379739017775,118.98287671232876,4.293004751205444,success
3812 - 4262,lstm,40.96387256334906,52.268103826078445,167.43200763816725,94.29452054794521,4.317723751068115,success
3812 - 6814,lstm,42.16250341232509,52.020273805006426,356.0216548620303,77.50856164383562,4.394459009170532,success
3812 - 6817,lstm,35.45168659785023,49.727182185850765,348.70829809548565,72.13356164383562,4.334191083908081,success
4030 - 16625,lstm,37.37357798667803,44.27887487934513,65.05633407868719,168.79109589041096,4.2923359870910645,success
4030 - 5486,lstm,23.844822390438758,29.60882313942297,122.51325895231255,71.05650684931507,4.250150442123413,success
4030 - 9334,lstm,7.707988374853787,9.556805431422632,118.21623283267634,16.784246575342465,4.468626499176025,success
4032 - 16624,lstm,35.061275305813304,41.80758274983238,77.64089859102457,149.91095890410958,4.283436059951782,success
4032 - 16974,lstm,48.96235452939386,62.46845657330753,488.88048432869647,78.60616438356165,4.390336990356445,success
4032 - 4763,lstm,22.878935366460723,28.92179647599689,95.07584345496346,66.85787671232876,4.293932676315308,success
4032 - 6375,lstm,27.50952602086002,34.29757160516763,84.54063271454123,128.65582191780823,4.316077709197998,success
4034 - 16623,lstm,31.354572622743373,37.46724098940843,74.77950843080068,147.24828767123287,4.321351051330566,success
4034 - 17058,lstm,30.05113199312393,43.854758141756996,120.86062584768517,85.48287671232876,4.416653871536255,success
4034 - 6376,lstm,34.42568114685686,47.35494348944347,99.13627813688534,148.388698630137,4.320942163467407,success
4034 - 6622,lstm,23.304101872117553,29.521359412200802,102.37540875689808,68.75342465753425,4.309432506561279,success
4035 - 16621,lstm,23.728750934339548,28.832192261850892,60.84426063804434,112.34760273972603,7.338939905166626,success
4035 - 19787,lstm,28.88079685707615,40.91768583165015,165.58773157727973,83.44520547945206,4.525398015975952,success
4035 - 6313,lstm,33.43557488755004,40.7721365355578,146.28494367719932,95.36472602739725,4.59207558631897,success
4035 - 6377,lstm,29.68941789130642,37.884690510094146,88.01185327195489,138.62842465753425,4.438759803771973,success
4040 - 14501,lstm,22.042156075778074,31.4486245999514,131.8460599449427,57.9041095890411,4.467301368713379,success
4040 - 14517,lstm,22.765221553306056,30.7635809010292,123.59873751045464,71.88356164383562,4.418692588806152,success
4040 - 16617,lstm,12.838262984197433,16.33943753782355,35.83101993826009,77.97602739726027,4.354465484619141,success
4040 - 4261,lstm,19.632376674103412,24.89970189174931,103.28863873606834,59.25342465753425,4.8118226528167725,success
4040 - 4277,lstm,19.870960728762903,24.14228658423395,45.25614421109031,81.17979452054794,4.881441593170166,success
4040 - 6382,lstm,16.618761216124444,20.822323694773043,49.751229514841235,84.1763698630137,4.817611217498779,success
4043 - 12526,lstm,44.86685822761222,60.704390766126735,127.18395393225991,131.59075342465752,4.79273247718811,success
4043 - 16615,lstm,24.145933474579902,29.96584671957371,64.03913310267015,125.20890410958904,4.405754566192627,success
4043 - 2271,lstm,38.88471147458847,48.47763063753235,72.97746487526224,134.07876712328766,4.344172239303589,success
4043 - 6384,lstm,28.76444582089986,35.10976250784493,82.23136565186908,136.20719178082192,4.435916185379028,success
4051 - -1,lstm,6.319671590034276,8.595641911111109,106.74276072119575,13.337328767123287,4.3016064167022705,success
4051 - 16200,lstm,25.768580671859112,36.860212745120656,138.40088875325765,77.57191780821918,4.262520790100098,success
4051 - 5949,lstm,18.560913097368527,23.006090564014947,89.80295206398817,55.24315068493151,4.284533739089966,success
4057 - 16973,lstm,34.98819303174391,48.18377008632451,336.67872178007156,71.21985815602837,4.272406339645386,success
4057 - 17051,lstm,23.846493433553277,30.799764213818495,102.631732400915,94.48049645390071,4.211230516433716,success
4057 - 6732,lstm,25.566545460322132,31.526636702747187,165.25281707097312,77.19691780821918,4.333771705627441,success
4057 - 6810,lstm,28.9129239729006,39.12686503952664,208.77481981360515,77.75856164383562,4.298702239990234,success
4063 - 17050,lstm,21.472577049307628,26.066260175021178,156.66102068225683,77.73801369863014,4.377987384796143,success
4063 - 17057,lstm,21.657858414192724,28.947955990544216,74.77754842524487,91.07020547945206,4.3404645919799805,success
4063 - 6811,lstm,18.94375587489507,23.731299173723105,142.4414590106161,81.52397260273973,4.250300645828247,success
4063 - 6818,lstm,22.022001674730483,27.757403637511782,79.07088915527758,82.0291095890411,4.3466362953186035,success
4262 - 4240,lstm,42.996352946171996,53.24517187999574,71.71513983237669,123.26844262295081,4.3217103481292725,success
4263 - 14482,lstm,32.63360773149084,51.10169233569478,68.19693751897383,106.57991803278688,4.190016746520996,success
4263 - 16537,lstm,34.18634151239864,41.70621246903494,131.1673967123257,111.48770491803279,4.1888227462768555,success
4263 - 4241,lstm,28.974425417477967,35.0262269040203,82.9138293064631,90.68237704918033,4.018191576004028,success
4263 - 6300,lstm,30.464683743773914,40.87197883001501,113.67430755816,117.12909836065573,4.006505727767944,success
4264 - 14481,lstm,42.60352051094787,61.22883135101509,99.10771242479207,128.96917808219177,4.415516138076782,success
4264 - 14643,lstm,20.396604774642164,24.018153954139883,56.36184891826743,80.74209245742092,3.82157039642334,success
4264 - 4242,lstm,33.38134512835986,40.44852223646268,66.40535831607782,119.5736301369863,4.310447454452515,success
4264 - 4401,lstm,14.994436430604491,18.461820013926395,51.68150160027226,82.46917808219177,4.3787055015563965,success
4266 - 14480,lstm,40.30867552430662,55.01422529132458,132.70663962623524,113.3458904109589,4.387504816055298,success
4266 - 14635,lstm,20.73885710925272,25.303795103758226,101.53013707714402,95.57020547945206,7.906649589538574,success
4266 - 4243,lstm,31.786194027286687,40.287720223790615,50.94864842812768,123.28595890410959,4.753361940383911,success
4266 - 4397,lstm,24.302265405654907,31.153154269263005,109.94176257179795,115.54623287671232,4.714684247970581,success
4270 - 14520,lstm,22.720307941306128,29.719448138823964,66.96083444576847,103.54623287671232,4.64166522026062,success
4270 - 14642,lstm,17.861678590513254,21.21372293628564,66.20528358613394,87.02739726027397,4.6365556716918945,success
4270 - 4274,lstm,29.367785538712592,35.70567223527525,62.97950065345257,110.06164383561644,4.680671691894531,success
4270 - 4402,lstm,20.763848618285298,25.179812061796536,88.80008264337789,73.18835616438356,4.42721962928772,success
4272 - 14518,lstm,30.88222065715925,42.97620359890164,107.87415896056103,93.91312056737588,4.509105443954468,success
4272 - 14666,lstm,12.781105219049657,16.584746283501826,89.96983912907724,53.051418439716315,4.382935523986816,success
4272 - 4276,lstm,29.190229764221407,37.28925901777298,69.50359350220735,108.22517730496453,4.363714933395386,success
4273 - 12527,lstm,35.21213665400466,43.22370255156313,85.96289128491625,135.6335616438356,4.4213948249816895,success
4273 - 4423,lstm,29.809518745500746,39.121932710224456,215.8307640555329,76.45376712328768,4.727998733520508,success
4321 - 15002,lstm,23.39879121192514,33.10322054378877,173.03343049320557,65.63527397260275,4.568880796432495,success
4321 - 15721,lstm,30.599574539759388,45.7639432947873,220.22160967910997,65.95376712328768,4.429550647735596,success
4321 - 4746,lstm,13.251107584940245,15.899636020450817,101.58398568027509,54.71404109589041,4.407634258270264,success
4321 - 5485,lstm,31.105405346988,39.27378246509077,129.99701347004304,82.11130136986301,4.243844032287598,success
4324 - 14646,lstm,15.625415571748395,19.632519476756276,90.4193338417612,51.101027397260275,4.3472981452941895,success
4324 - 16859,lstm,33.68565207964753,48.50022691606237,154.1943256976536,87.61472602739725,4.3450706005096436,success
4324 - 6621,lstm,19.422780748915997,23.92509821744654,97.03592066862984,79.21575342465754,4.5299904346466064,success
4812 - 16535,lstm,41.956772640103196,50.97863478763229,210.94892755973422,106.92827868852459,4.0956175327301025,success
4812 - 4250,lstm,23.185447786675123,28.250473743070575,69.30459665627016,80.47131147540983,4.07834005355835,success
4812 - 6302,lstm,24.61334837069277,32.13252213298458,86.24164629600304,66.93442622950819,4.035301446914673,success
4821 - -1,lstm,3.0028150359245194,4.176071955927936,67.24175240979251,3.203767123287671,4.571794033050537,success
4821 - 14527,lstm,23.53163403027678,28.78992496167178,102.35403961954094,70.12157534246575,4.312877655029297,success
4821 - 16911,lstm,29.9702255889161,42.447026007489264,68.16246969063269,128.861301369863,4.478230714797974,success
4821 - 6673,lstm,26.480457397356425,31.896775223999832,51.361330581902536,126.80993150684931,4.330079555511475,success
